Timestamp,Age,Gender,Country,state,self_employed,family_history,treatment,work_interfere,no_employees,remote_work,tech_company,benefits,care_options,wellness_program,seek_help,anonymity,leave,mental_health_consequence,phys_health_consequence,coworkers,supervisor,mental_health_interview,phys_health_interview,mental_vs_physical,obs_consequence,comments,Age_Group,clean_comments,polarity,sentiment
2014-08-27 11:33:26,36,Male,United States,CT,No,Yes,No,Never,500-1000,No,Yes,Don't know,Not sure,No,Don't know,Don't know,Don't know,No,No,Yes,Yes,No,No,Don't know,No,I'm not on my company's health insurance which could be part of the reason I answered Don't know to so many questions.,36-45,i m not on my company s health insurance which could be part of the reason i answered don t know to so many questions,0.5,Positive
2014-08-27 11:34:00,29,Male,United States,IL,No,Yes,Yes,Rarely,26-100,No,Yes,Yes,Not sure,No,No,Don't know,Somewhat easy,No,No,Yes,Some of them,Maybe,Maybe,Don't know,No,I have chronic low-level neurological issues that have mental health side effects. One of my supervisors has also experienced similar neurological problems so I feel more comfortable being open about my issues than I would with someone without that experience. ,26-35,i have chronic low level neurological issues that have mental health side effects one of my supervisors has also experienced similar neurological problems so i feel more comfortable being open about my issues than i would with someone without that experience,0.26666666666666666,Positive
2014-08-27 11:34:20,23,Male,United Kingdom,Unknown,No,No,Yes,Sometimes,26-100,Yes,Yes,Don't know,No,Don't know,Don't know,Don't know,Very easy,Maybe,No,Some of them,No,Maybe,Maybe,No,No,My company does provide healthcare but not to me as I'm on a fixed-term contract. The mental healthcare I use is provided entirely outside of my work.,18-25,my company does provide healthcare but not to me as i m on a fixed term contract the mental healthcare i use is provided entirely outside of my work,-0.05,Neutral
2014-08-27 11:36:48,33,Male,United States,CA,No,Yes,Yes,Rarely,26-100,No,Yes,Yes,Not sure,Don't know,Yes,Yes,Don't know,No,No,Yes,Yes,No,Yes,Don't know,No,Relatively new job. Ask again later,26-35,relatively new job ask again later,0.06818181818181818,Positive
2014-08-27 11:37:08,35,Male,United States,TN,No,Yes,Yes,Sometimes,More than 1000,No,No,Yes,Yes,No,Don't know,No,Very easy,Yes,No,Some of them,Yes,No,Yes,No,No,Sometimes I think  about using drugs for my mental health issues. If i use drugs I feel better,26-35,sometimes i think about using drugs for my mental health issues if i use drugs i feel better,0.2,Positive
2014-08-27 11:39:36,42,Male,United States,WA,No,Yes,Yes,Sometimes,26-100,Yes,Yes,Yes,Yes,Yes,Yes,Yes,Very easy,Maybe,No,Some of them,Some of them,Maybe,Yes,Don't know,No,I selected my current employer based on its policies about self care and the quality of their overall health and wellness benefits. I still have residual caution from previous employers who ranged from ambivalent to indifferent to actively hostile regarding mental health concerns.,36-45,i selected my current employer based on its policies about self care and the quality of their overall health and wellness benefits i still have residual caution from previous employers who ranged from ambivalent to indifferent to actively hostile regarding mental health concerns,-0.08,Negative
2014-08-27 11:43:36,38,Male,United States,TX,No,Yes,Yes,Sometimes,26-100,No,Yes,Yes,Yes,No,Yes,Yes,Somewhat easy,No,No,Some of them,Yes,No,No,Yes,No,Our health plan has covered my psychotherapy and my antidepressant medication. My manager has been aware but discreet throughout. I did get negative reviews when my depression was trashing my delivery but y'know I wasn't delivering.,36-45,our health plan has covered my psychotherapy and my antidepressant medication my manager has been aware but discreet throughout i did get negative reviews when my depression was trashing my delivery but y know i wasn t delivering,-0.024999999999999994,Neutral
2014-08-27 11:44:43,30,Male,United States,IL,No,Yes,Yes,Rarely,26-100,No,Yes,Yes,No,No,Don't know,Don't know,Don't know,Maybe,No,Some of them,Yes,No,No,Don't know,No,I just started a new job last week hence a lot of don't know's,26-35,i just started a new job last week hence a lot of don t know s,0.06818181818181818,Positive
2014-08-27 11:47:56,33,Male,Canada,Unknown,No,Yes,Yes,Often,6-25,Yes,Yes,Don't know,No,No,No,No,Somewhat difficult,Yes,No,No,No,No,Maybe,Don't know,No,In addition to my own mental health issues I've known several coworkers that may be suffering and I don't know how to tell them I empathize and that I want to help.,26-35,in addition to my own mental health issues i ve known several coworkers that may be suffering and i don t know how to tell them i empathize and that i want to help,0.16666666666666666,Positive
2014-08-27 11:51:34,23,Male,Australia,Unknown,No,Yes,Yes,Often,1-5,Yes,Yes,No,Not sure,No,No,Don't know,Very easy,No,No,Some of them,Yes,No,Maybe,Yes,No,Thanks for doing this research.,18-25,thanks for doing this research,0.2,Positive
2014-08-27 12:15:11,18,Male,Russia,Unknown,No,No,No,Don't know,26-100,Yes,Yes,Yes,Yes,No,No,Yes,Somewhat easy,No,No,Yes,Yes,Yes,Yes,Don't know,No,In Russia we have mandatory medical insurance. Every employer must pay 3.6% of every employee's salary to the insurance fund like a tax. Everyone gets free healthcare at public clinics and hospitals. Some types of healthcare including mental health are still funded from the government budget but that doesn't matter it's still FREE!However this is Russia :D I don't know much about what actually happens in mental hospitals here except that a lot of young people with male in their passports use these to avoid military draft and doctors seem to help them.,18-25,in russia we have mandatory medical insurance every employer must pay of every employee s salary to the insurance fund like a tax everyone gets free healthcare at public clinics and hospitals some types of healthcare including mental health are still funded from the government budget but that doesn t matter it s still free however this is russia d i don t know much about what actually happens in mental hospitals here except that a lot of young people with male in their passports use these to avoid military draft and doctors seem to help them,0.12727272727272726,Positive
2014-08-27 12:18:14,26,Male,Canada,Unknown,No,Yes,Yes,Sometimes,26-100,No,No,No,Yes,No,No,No,Very difficult,Yes,No,No,No,No,Maybe,No,Yes,In my previous workplace which had mental health protections policies and access to counsellors my Director went so far as to say to me in somewhat casual conversation A woman was murdered across the street. At best though she was bipolar and at worst - who knowsI have bipolar disorder. I have zero faith that an organization with policies in place could appropriately handle mental health. I have even less faith that a workplace without the policies in place could appropriately handle mental health. I can only imagine it's worse in full tech environments.,26-35,in my previous workplace which had mental health protections policies and access to counsellors my director went so far as to say to me in somewhat casual conversation a woman was murdered across the street at best though she was bipolar and at worst who knowsi have bipolar disorder i have zero faith that an organization with policies in place could appropriately handle mental health i have even less faith that a workplace without the policies in place could appropriately handle mental health i can only imagine it s worse in full tech environments,-0.005952380952380955,Neutral
2014-08-27 12:23:59,35,Male,United States,OR,No,Yes,Yes,Sometimes,26-100,Yes,Yes,Don't know,Not sure,No,No,Don't know,Somewhat easy,No,No,Some of them,Yes,No,Maybe,No,No,I've seen negative consequences towards mental health conditions in previous workplaces.Working remote is empowering in this way.,26-35,i ve seen negative consequences towards mental health conditions in previous workplaces working remote is empowering in this way,-0.16666666666666666,Negative
2014-08-27 12:38:18,37,Male,United Kingdom,Unknown,Yes,No,Yes,Sometimes,More than 1000,No,No,No,Yes,Yes,Yes,Yes,Very difficult,Yes,Yes,Some of them,No,No,Maybe,Yes,No,I'm not a permanent employee so do not get they benefits they get.My client is extremely supportive of permanent staff with mental health issues.,36-45,i m not a permanent employee so do not get they benefits they get my client is extremely supportive of permanent staff with mental health issues,0.2,Positive
2014-08-27 12:39:18,30,Male,United States,PA,No,Yes,No,Don't know,More than 1000,Yes,Yes,Don't know,Not sure,No,Don't know,Don't know,Don't know,Maybe,Maybe,Some of them,Some of them,No,Maybe,Don't know,No,I'd be more worried about coworkers and workplace culture than the employer--they're probably legally obligated to do some things but reputation among people I work with is something else. For instance I've heard people make snide remarks about men taking paternity leave I don't want to know what they'd say about mental health leave.,26-35,i d be more worried about coworkers and workplace culture than the employer they re probably legally obligated to do some things but reputation among people i work with is something else for instance i ve heard people make snide remarks about men taking paternity leave i don t want to know what they d say about mental health leave,0.19999999999999998,Positive
2014-08-27 12:43:28,27,Male,United States,UT,No,No,Yes,Rarely,26-100,Yes,Yes,No,Yes,No,No,Don't know,Somewhat difficult,Maybe,No,Some of them,Yes,No,No,Don't know,Yes,Had a co-worker disappear from work for a few weeks and then come back to let everyone know he was bipolar. His responsibilities and schedule were adjusted to accommodate but he got worse didn't show up didn't work etc and was eventually let go.It was tough because on the one hand he was struggling with some mental health issues but on the other hand he went through a period of months where he wasn't performing.,26-35,had a co worker disappear from work for a few weeks and then come back to let everyone know he was bipolar his responsibilities and schedule were adjusted to accommodate but he got worse didn t show up didn t work etc and was eventually let go it was tough because on the one hand he was struggling with some mental health issues but on the other hand he went through a period of months where he wasn t performing,-0.20231481481481484,Negative
2014-08-27 12:43:40,25,Male,United States,IL,No,Yes,Yes,Sometimes,26-100,No,Yes,Don't know,Not sure,No,No,Don't know,Very easy,Maybe,No,Some of them,No,No,No,Don't know,Yes,Family history of depression.  Currently dealing with depression and anxiety as well as drug addition.Employer provides & pays premiums on insurance which covers therapy and prescriptions.  Employer allows work-from-home and unlimited PTO which makes episodes easier to control.I don't speak of my problems to anyone at work except for the people that I consider friends and even then I don't go into great detail.I would never bring up a mental health issue during an interview for fear of discrimination and rejection (and therefore greater depression).  One co-worker had serious anxiety problems and would not inform his team of episodes and was eventually let go for being unresponsive.,18-25,family history of depression currently dealing with depression and anxiety as well as drug addition employer provides pays premiums on insurance which covers therapy and prescriptions employer allows work from home and unlimited pto which makes episodes easier to control i don t speak of my problems to anyone at work except for the people that i consider friends and even then i don t go into great detail i would never bring up a mental health issue during an interview for fear of discrimination and rejection and therefore greater depression one co worker had serious anxiety problems and would not inform his team of episodes and was eventually let go for being unresponsive,0.1733333333333334,Positive
2014-08-27 12:43:53,36,Male,United Kingdom,Unknown,No,No,Yes,Sometimes,More than 1000,No,No,Yes,Yes,Yes,Yes,Yes,Somewhat easy,Maybe,Maybe,Some of them,Some of them,No,Maybe,Don't know,Yes,I feel that my employer and colleagues have created my mental health issue. Additionally I have contributed to this by staying in the same job with the same employer for 10+ years.,36-45,i feel that my employer and colleagues have created my mental health issue additionally i have contributed to this by staying in the same job with the same employer for years,-0.03333333333333333,Neutral
2014-08-27 12:46:03,33,Female,United States,WA,Yes,Yes,Yes,Sometimes,1-5,No,Yes,No,Yes,Yes,Yes,Yes,Very difficult,No,No,Some of them,Yes,No,Yes,Yes,No,Many of these questions become irrelevant once 'Yes' is selected for 'Are you self-employed'.  It would be preferable for there to be a 'Not Relevant' option on these.,26-35,many of these questions become irrelevant once yes is selected for are you self employed it would be preferable for there to be a not relevant option on these,-0.06666666666666667,Negative
2014-08-27 12:47:25,27,Male,United Kingdom,Unknown,Yes,Yes,No,Don't know,1-5,Yes,Yes,No,Yes,No,No,Yes,Somewhat easy,No,No,Yes,Yes,No,Maybe,Yes,No,as a UK-based company we don't have any medical provisions as it's all provided on the National Health Service (for now!) However if we do need to take days off for any kind of health problems everyone is understanding :),26-35,as a uk based company we don t have any medical provisions as it s all provided on the national health service for now however if we do need to take days off for any kind of health problems everyone is understanding,0.3666666666666667,Positive
2014-08-27 12:48:40,26,Male,United Kingdom,Unknown,No,No,Yes,Sometimes,More than 1000,No,Yes,Yes,Yes,Don't know,Don't know,Yes,Somewhat easy,No,No,Yes,Yes,No,No,Don't know,No,My employer employs 17k people worldwide and my previous employer only 140 globally both have been very supportive and accommodating with my moderate depression and intense anxiety.,26-35,my employer employs k people worldwide and my previous employer only globally both have been very supportive and accommodating with my moderate depression and intense anxiety,0.11388888888888889,Positive
2014-08-27 12:50:57,32,Male,United States,MA,No,No,Yes,Often,6-25,Yes,Yes,Yes,Not sure,Don't know,Don't know,Yes,Very easy,No,No,Yes,Yes,No,No,Yes,Yes,I am not sure about my company's healthcare because I've opted out of it and I'm covered under another policy.I currently work at a great company though in past jobs I don't think I would have felt comfortable talking about mental health at all.,26-35,i am not sure about my company s healthcare because i ve opted out of it and i m covered under another policy i currently work at a great company though in past jobs i don t think i would have felt comfortable talking about mental health at all,0.10000000000000002,Positive
2014-08-27 12:51:25,45,Female,United States,CA,No,No,Yes,Sometimes,1-5,No,Yes,Yes,No,No,No,Yes,Somewhat difficult,No,No,Yes,Yes,No,No,Yes,No,In small startups it is very hard to keep mental health issues truly private no matter what management does.,36-45,in small startups it is very hard to keep mental health issues truly private no matter what management does,-0.18229166666666666,Negative
2014-08-27 12:51:36,33,Male,United States,TX,No,No,No,Don't know,6-25,Yes,Yes,Don't know,No,No,No,Don't know,Very easy,No,No,Yes,Yes,No,Maybe,Don't know,No,A close family member of mine struggles with mental health so I try not to stigmatize it. My employers/coworkers also seem compassionate toward any kind of health or family needs.,26-35,a close family member of mine struggles with mental health so i try not to stigmatize it my employers coworkers also seem compassionate toward any kind of health or family needs,0.25,Positive
2014-08-27 12:54:30,32,Male,Germany,Unknown,No,No,No,Sometimes,100-500,No,Yes,No,No,No,No,Don't know,Very difficult,Yes,Yes,Some of them,No,No,No,No,Yes,Too many people even especially IT considered mental health issues as a choice or something people can freely act about. You are depressed: take vacation. You feel weird: admit it is physical (otherwise it is not serious) go and see a doctor (and if you are on sick leave too many days you will get fired). You don't feel good today: take a holiday but don't work from home. In startup there is what I call the tyranny of happiness: you have to look happy to be accepted and to be worked with. At some point playing a role can definitely make the mental health issue worse and it is also a threat to diversity :(I don't like to call mental health issues an issue but actually when it comes to company field it too often becomes an issue and this is sad because working is sometimes better than medication. It is a vicious circle: people are scared of speaking about it so they don't inform their coworkers about what mental health is for real and so coworkers are so scared on a regular basis that the people with mental health issues keep it for themselves. ,26-35,too many people even especially it considered mental health issues as a choice or something people can freely act about you are depressed take vacation you feel weird admit it is physical otherwise it is not serious go and see a doctor and if you are on sick leave too many days you will get fired you don t feel good today take a holiday but don t work from home in startup there is what i call the tyranny of happiness you have to look happy to be accepted and to be worked with at some point playing a role can definitely make the mental health issue worse and it is also a threat to diversity i don t like to call mental health issues an issue but actually when it comes to company field it too often becomes an issue and this is sad because working is sometimes better than medication it is a vicious circle people are scared of speaking about it so they don t inform their coworkers about what mental health is for real and so coworkers are so scared on a regular basis that the people with mental health issues keep it for themselves,0.004095238095238099,Neutral
2014-08-27 12:57:38,27,Male,United States,OR,No,Yes,Yes,Sometimes,26-100,No,Yes,Yes,No,No,No,Don't know,Very easy,No,No,Some of them,Some of them,No,No,Yes,No,My seniority at the company and rapport with the owners has helped me gain support for seeking help regarding my mental health as well as being able to take time off or work from home when an episode starts.However I don't feel that the company's stance on mental health is as clear as say something like vision or dental.  There's very much a stigma.,26-35,my seniority at the company and rapport with the owners has helped me gain support for seeking help regarding my mental health as well as being able to take time off or work from home when an episode starts however i don t feel that the company s stance on mental health is as clear as say something like vision or dental there s very much a stigma,0.13200000000000003,Positive
2014-08-27 12:58:42,37,Male,Ireland,Unknown,No,No,No,Sometimes,1-5,No,Yes,No,Yes,No,No,Don't know,Very difficult,Yes,No,No,No,No,Yes,Don't know,No,When you are an introvert people don't notice if you are depressed. Its a vicious cycle of sorts.,36-45,when you are an introvert people don t notice if you are depressed its a vicious cycle of sorts,-1.0,Negative
2014-08-27 13:02:14,32,Male,United Kingdom,Unknown,No,Yes,Yes,Sometimes,100-500,Yes,Yes,Don't know,Not sure,No,No,Don't know,Somewhat difficult,Yes,Maybe,No,No,No,No,No,Yes,I've answered 'Yes' on remote working but 50% is the maximum time we're allowed.The branch of the company I work for doesn't offer any medical benefits. It's not as common in the UK as we have the NHS for the moment. There are international branches that may so I've answered 'Don't know'.,26-35,i ve answered yes on remote working but is the maximum time we re allowed the branch of the company i work for doesn t offer any medical benefits it s not as common in the uk as we have the nhs for the moment there are international branches that may so i ve answered don t know,-0.1,Negative
2014-08-27 13:07:46,27,Male,United States,MI,Yes,Yes,Yes,Sometimes,1-5,Yes,Yes,No,No,Don't know,Don't know,Don't know,Very difficult,No,No,Some of them,No,No,No,Don't know,No,Many of these questions were difficult to answer as a self-employed person; I did my best with the available options.,26-35,many of these questions were difficult to answer as a self employed person i did my best with the available options,0.35,Positive
2014-08-27 13:08:17,30,Male,Germany,Unknown,Yes,No,Yes,Often,6-25,Yes,Yes,Yes,Yes,No,No,Yes,Very difficult,No,No,Some of them,Yes,Maybe,Yes,Yes,No,I tried to answer as good as possible but I am CEO of a company so many questions don't fit very well.Also many of the questions are very US-centric in most systems healthcare is not your employers business.,26-35,i tried to answer as good as possible but i am ceo of a company so many questions don t fit very well also many of the questions are very us centric in most systems healthcare is not your employers business,0.375,Positive
2014-08-27 13:12:31,34,Male,United States,WA,No,No,No,Don't know,6-25,No,Yes,Yes,No,No,No,Don't know,Somewhat easy,No,No,Yes,Yes,Maybe,Maybe,Yes,No,One of my coworkers has mental health issues and she's open about them (eg: my enjoyment of this project may be due to my recent change in meds). I believe the response has been generally supportive. We're a very small tight-knit company.,26-35,one of my coworkers has mental health issues and she s open about them eg my enjoyment of this project may be due to my recent change in meds i believe the response has been generally supportive we re a very small tight knit company,-0.008333333333333331,Neutral
2014-08-27 13:15:25,23,Male,United States,PA,No,No,No,Never,26-100,No,Yes,Don't know,Not sure,Don't know,Don't know,Don't know,Don't know,No,No,No,Yes,No,Yes,Yes,No,A strong mind goes a long way. Stay strong. Take some time off to help. Its all in your head. ,18-25,a strong mind goes a long way stay strong take some time off to help its all in your head,0.2722222222222222,Positive
2014-08-27 13:18:18,24,Male,United States,OR,No,No,No,Don't know,1-5,No,Yes,Don't know,No,Don't know,No,Yes,Very easy,No,No,Yes,Yes,Maybe,Yes,Yes,No,Would you bring up a mental health issue with a potential employer in an interview?Poignant.,18-25,would you bring up a mental health issue with a potential employer in an interview poignant,-0.05,Neutral
2014-08-27 13:23:38,41,Male,United States,TX,No,No,Yes,Rarely,500-1000,Yes,Yes,Yes,Yes,No,Don't know,Don't know,Don't know,Maybe,Maybe,Some of them,No,Maybe,Maybe,No,No,I found it difficult to answer all of the questions effectively as many of them would depend on the nature of the mental health issues as some seem more socially accepted than others. For some people telling your current supervisor that you have a history of bi-polar disorder might be easier than telling a potential employer that you have a history of compulsive gambling. They might both be bits of irrelevant information (past behavior and not indicators of future behavior). However western culture pushes us to appear as capable as possible to our supervisors in pursuit of excellence in our work. Providing information that could create a negative bias seems like a more genuine and yet more risky approach to the discussion.,36-45,i found it difficult to answer all of the questions effectively as many of them would depend on the nature of the mental health issues as some seem more socially accepted than others for some people telling your current supervisor that you have a history of bi polar disorder might be easier than telling a potential employer that you have a history of compulsive gambling they might both be bits of irrelevant information past behavior and not indicators of future behavior however western culture pushes us to appear as capable as possible to our supervisors in pursuit of excellence in our work providing information that could create a negative bias seems like a more genuine and yet more risky approach to the discussion,0.05784313725490196,Positive
2014-08-27 13:35:23,40,Male,United States,OH,No,No,Yes,Sometimes,More than 1000,Yes,Yes,Yes,Yes,Yes,Yes,Yes,Don't know,Yes,Maybe,No,No,No,Maybe,No,Yes,I have only discussed my mental illness with close family members. I feel completely uncomfortable discussing with anyone at my place of employment as I am concerned it would have negative consequences.,36-45,i have only discussed my mental illness with close family members i feel completely uncomfortable discussing with anyone at my place of employment as i am concerned it would have negative consequences,-0.22499999999999998,Negative
2014-08-27 13:47:27,42,Male,United States,WA,No,No,No,Never,6-25,Yes,Yes,No,Yes,No,Yes,Don't know,Somewhat easy,No,No,Some of them,Yes,No,No,Yes,No,No benefits at this organization but my employer/direct supervisor has had positive and constructive conversations with me about physical and mental health. Supervisor offered solutions advice time/energy to get help if I ever felt that needed it. (though it would have to be at my own expense). I feel safe sharing personal info with this particular person/company but this environment is the exception rather than the norm in my 15+ years as a tech worker. I would never feel safe enough to reveal info about any mental health concerns with any previous employers in the tech industry for fear of  negative perceptions job loss performance dings etc. ,36-45,no benefits at this organization but my employer direct supervisor has had positive and constructive conversations with me about physical and mental health supervisor offered solutions advice time energy to get help if i ever felt that needed it though it would have to be at my own expense i feel safe sharing personal info with this particular person company but this environment is the exception rather than the norm in my years as a tech worker i would never feel safe enough to reveal info about any mental health concerns with any previous employers in the tech industry for fear of negative perceptions job loss performance dings etc,0.1106060606060606,Positive
2014-08-27 13:54:00,41,Male,United States,AL,No,No,Yes,Sometimes,26-100,Yes,Yes,Yes,Yes,Don't know,No,Don't know,Very easy,No,No,Yes,Yes,Yes,Yes,Yes,No,I think I am very lucky in my workplace. Our CEO has a degree in psychology.,36-45,i think i am very lucky in my workplace our ceo has a degree in psychology,0.43333333333333335,Positive
2014-08-27 13:54:24,32,Male,United Kingdom,Unknown,Yes,Yes,Yes,Sometimes,1-5,Yes,Yes,Don't know,Not sure,Don't know,Don't know,Don't know,Very easy,Maybe,Maybe,Yes,Some of them,Maybe,Maybe,Don't know,Yes,Some of these questions were difficult to answer as being self-employed they didn't all apply to me.,26-35,some of these questions were difficult to answer as being self employed they didn t all apply to me,-0.5,Negative
2014-08-27 14:06:26,27,Male,Portugal,Unknown,No,No,No,Never,6-25,No,Yes,No,No,No,No,Yes,Don't know,Yes,No,No,No,No,Maybe,Don't know,No,It's a small startup in a small city in a small country.,26-35,it s a small startup in a small city in a small country,-0.25,Negative
2014-08-27 14:11:46,27,Male,United Kingdom,Unknown,No,Yes,Yes,Sometimes,6-25,No,Yes,No,No,No,No,Yes,Somewhat easy,Maybe,Maybe,Yes,Yes,Yes,Yes,Yes,No,Hi Ed it's Paul Dragoonis. I have Aspergers/High Functioning Autism :-),26-35,hi ed it s paul dragoonis i have aspergers high functioning autism,0.5,Positive
2014-08-27 14:13:02,38,Male,United States,TX,No,No,Yes,Sometimes,1-5,No,Yes,No,Yes,No,No,Don't know,Don't know,No,Maybe,Some of them,No,No,No,Don't know,Yes,The form of mental health problem that I suffer is anxiety.,36-45,the form of mental health problem that i suffer is anxiety,-0.1,Negative
2014-08-27 14:23:51,27,Male,United States,TN,No,No,No,Sometimes,100-500,No,Yes,Yes,Not sure,Yes,Yes,Don't know,Don't know,Maybe,No,Some of them,Yes,No,Maybe,Don't know,No,The thought of going through my employer directly to get help is fucking scary.Getting help is the hardest part of getting help.,26-35,the thought of going through my employer directly to get help is fucking scary getting help is the hardest part of getting help,-0.25,Negative
2014-08-27 14:26:32,27,Male,United States,CA,No,Yes,No,Don't know,More than 1000,No,Yes,Don't know,No,Don't know,Don't know,Don't know,Very easy,No,No,Yes,Yes,Maybe,Maybe,Yes,No,Don't know because I haven't checked not because it's difficult to find out. If you didn't have the don't know option I would've looked up the answer.,26-35,don t know because i haven t checked not because it s difficult to find out if you didn t have the don t know option i would ve looked up the answer,-0.5,Negative
2014-08-27 14:38:26,24,Male,United States,MA,No,No,No,Don't know,More than 1000,No,Yes,Yes,Yes,Don't know,Don't know,Yes,Don't know,Yes,No,No,No,No,Maybe,Don't know,No,I think there might be some bugs in my thought but I haven't sought treatment because they're not worse than annoying and I worry about having the label.,18-25,i think there might be some bugs in my thought but i haven t sought treatment because they re not worse than annoying and i worry about having the label,-0.30000000000000004,Negative
2014-08-27 14:38:49,29,Male,United States,WA,No,No,No,Don't know,26-100,No,Yes,Yes,Yes,Yes,Yes,Yes,Very easy,No,No,Some of them,Yes,No,Maybe,Yes,No,I think a lot of our policy is based on a situation that occurred in the past 5 years. A very public mental illness happened with a coworker that unfortunately ended negatively. It was definitely a catalyst to talking about our options but the overall sentiment of it being OK to take time off talk with your supervisors etc. has always been there. It's a great company.,26-35,i think a lot of our policy is based on a situation that occurred in the past years a very public mental illness happened with a coworker that unfortunately ended negatively it was definitely a catalyst to talking about our options but the overall sentiment of it being ok to take time off talk with your supervisors etc has always been there it s a great company,0.01666666666666668,Neutral
2014-08-27 14:39:20,27,Male,United States,CA,No,No,No,Sometimes,More than 1000,No,Yes,Don't know,Not sure,Don't know,Don't know,Don't know,Very easy,Yes,No,No,No,No,Maybe,No,No,Regardless of a stated lack of negative consequences for discussing mental health issues with coworkers/superiors unconscious bias is a very real thing - as long as I don't *need* to inform my co-workers my mental health issues do not need to be public knowledge.,26-35,regardless of a stated lack of negative consequences for discussing mental health issues with coworkers superiors unconscious bias is a very real thing as long as i don t need to inform my co workers my mental health issues do not need to be public knowledge,-0.04833333333333334,Neutral
2014-08-27 14:45:12,23,Male,United States,AL,No,Yes,Yes,Sometimes,100-500,No,No,Don't know,No,No,No,Don't know,Don't know,No,No,Yes,Yes,Maybe,Yes,Don't know,No,YOU MAY WANT TO THROW OUT MY ENTRY.I answered all of these questions with the assumption that Attention Deficit Disorder is considered a mental illness and with ADD in mind.,18-25,you may want to throw out my entry i answered all of these questions with the assumption that attention deficit disorder is considered a mental illness and with add in mind,-0.1,Negative
2014-08-27 14:49:08,29,Male,Belgium,Unknown,No,No,No,Often,6-25,No,No,Don't know,No,No,No,Don't know,Don't know,Maybe,No,Yes,Yes,Maybe,Maybe,Don't know,No,In Belgium we have all medical care so perhaps some question are not relevant,26-35,in belgium we have all medical care so perhaps some question are not relevant,-0.1,Negative
2014-08-27 14:51:29,30,Male,United Kingdom,Unknown,No,No,No,Never,6-25,No,Yes,No,No,No,Don't know,Don't know,Very easy,No,No,Some of them,Yes,No,Maybe,Yes,No,A co-worker recently had mental health issues and my employer was very reasonable with them I don't know the full story but I do know that he was given ample time off and eased back in to the work place.,26-35,a co worker recently had mental health issues and my employer was very reasonable with them i don t know the full story but i do know that he was given ample time off and eased back in to the work place,0.10200000000000001,Positive
2014-08-27 15:21:59,55,Male,United States,PA,No,Yes,Yes,Rarely,More than 1000,No,Yes,Yes,Yes,Yes,Yes,Yes,Very easy,No,No,Yes,Yes,No,No,Yes,No,My refer to the mental health issue of depression.  I might answer differently if I was talking about a more serious issue like schizophrenia,46-70,my refer to the mental health issue of depression i might answer differently if i was talking about a more serious issue like schizophrenia,0.016666666666666677,Neutral
2014-08-27 15:22:20,32,Female,United States,WA,No,No,Yes,Sometimes,26-100,No,Yes,Yes,Yes,Yes,Yes,Yes,Somewhat easy,Maybe,No,Some of them,Yes,No,Maybe,Yes,No,My employer does what they can providing a wellness program and pointing it out after particularly stressful times. But the interaction between the wellness program and the medical insurance is unpleasant and finding a long-term therapist / psychiatrist covered by insurance is amazingly difficult. My current lack of active treatment is due to insurance friction more than workplace friction.,26-35,my employer does what they can providing a wellness program and pointing it out after particularly stressful times but the interaction between the wellness program and the medical insurance is unpleasant and finding a long term therapist psychiatrist covered by insurance is amazingly difficult my current lack of active treatment is due to insurance friction more than workplace friction,-0.09270833333333334,Negative
2014-08-27 15:22:52,34,Male,United States,NY,No,Yes,Yes,Rarely,More than 1000,No,No,Yes,Yes,Yes,Yes,Yes,Very difficult,Maybe,Maybe,Some of them,Some of them,No,No,Yes,No,I work for a university.,26-35,i work for a university,0.0,Neutral
2014-08-27 15:25:47,29,Male,Canada,Unknown,No,No,Yes,Sometimes,100-500,No,Yes,Don't know,Not sure,Don't know,Don't know,Yes,Somewhat easy,Maybe,No,Some of them,Some of them,No,Maybe,Yes,No,Being in Canada there are several health options that are available to Canadian citizens/perm residents for free so employers may not provide resources because they are available elsewhere. Otherwise good quiz. I hope this benefits everyone who's dealt with mental health issues in the past!,26-35,being in canada there are several health options that are available to canadian citizens perm residents for free so employers may not provide resources because they are available elsewhere otherwise good quiz i hope this benefits everyone who s dealt with mental health issues in the past,0.2125,Positive
2014-08-27 15:26:57,35,Male,United States,CA,No,Yes,Yes,Sometimes,100-500,No,Yes,Yes,Yes,No,No,Don't know,Very difficult,Maybe,Maybe,Some of them,Some of them,No,Maybe,No,Yes,I'm troubled by the way that our hiring process tends to filter out non-neurotypicals of all stripes. Competent people who act a little funny can be hard to hire.,26-35,i m troubled by the way that our hiring process tends to filter out non neurotypicals of all stripes competent people who act a little funny can be hard to hire,-0.04583333333333334,Neutral
2014-08-27 15:31:20,30,Female,Germany,Unknown,No,Yes,Yes,Sometimes,100-500,No,Yes,Don't know,Not sure,No,No,Don't know,Somewhat difficult,No,No,Yes,Yes,Maybe,Maybe,No,No,In Germany your employer doesn't really provide mental health benefits. There's a standard and I get that but I would get the same at any other company in Germany.,26-35,in germany your employer doesn t really provide mental health benefits there s a standard and i get that but i would get the same at any other company in germany,-0.004999999999999999,Neutral
2014-08-27 15:32:09,28,Male,Germany,Unknown,No,Yes,Yes,Rarely,1-5,Yes,Yes,Yes,No,No,No,Yes,Very easy,No,No,Yes,Yes,No,No,Yes,No,fwiw I am a co founder of this company and the would you X in an interview questions shouldn't reflect how I would treat anyone addressing their own phys/mental health issue to me in such a situation. ,26-35,fwiw i am a co founder of this company and the would you x in an interview questions shouldn t reflect how i would treat anyone addressing their own phys mental health issue to me in such a situation,0.3,Positive
2014-08-27 15:38:32,27,Male,United States,CA,No,No,Yes,Sometimes,26-100,No,Yes,Don't know,Not sure,No,No,Don't know,Somewhat difficult,Maybe,Maybe,Some of them,Some of them,No,No,Don't know,No,I talked to a psychiatrist once about taking medical leave for mental health issues with his referral. He was willing to help but warned me that I may not want to as he's seen that sort of thing follow people throughout their tech careers (word gets out even if it's confidential at work). I've been terrified of bringing mental health up anywhere that coworkers or potential employers could see ever since.,26-35,i talked to a psychiatrist once about taking medical leave for mental health issues with his referral he was willing to help but warned me that i may not want to as he s seen that sort of thing follow people throughout their tech careers word gets out even if it s confidential at work i ve been terrified of bringing mental health up anywhere that coworkers or potential employers could see ever since,0.009999999999999998,Neutral
2014-08-27 15:53:39,43,Male,United States,MA,Yes,Yes,Yes,Often,6-25,Yes,Yes,Yes,Yes,No,No,Yes,Very easy,No,No,Yes,Yes,Maybe,Maybe,Yes,No,So much depends upon the organization. ,36-45,so much depends upon the organization,0.2,Positive
2014-08-27 15:55:07,34,Male,United States,CA,No,No,Yes,Sometimes,6-25,No,Yes,Don't know,Not sure,No,No,Don't know,Don't know,Yes,Yes,Some of them,No,No,No,Don't know,No,Now at starutp.  Previously worked at big tech company which was actually quite good at supporting mental health issues.  Still wouldn't share with bosses/other employees though as there remains a strong negative stigma.,26-35,now at starutp previously worked at big tech company which was actually quite good at supporting mental health issues still wouldn t share with bosses other employees though as there remains a strong negative stigma,0.10208333333333333,Positive
2014-08-27 15:58:23,35,Male,Netherlands,Unknown,No,Yes,No,Never,100-500,No,Yes,Yes,No,No,No,Yes,Don't know,Yes,No,No,No,No,Maybe,Don't know,No,Nice job on the text field for gender :-),26-35,nice job on the text field for gender,0.55,Positive
2014-08-27 16:01:39,33,Male,United States,CA,No,No,No,Never,500-1000,No,Yes,Yes,Not sure,Yes,Yes,Don't know,Very easy,Maybe,No,Some of them,Yes,No,No,Yes,No,I currently have the best managers I've ever worked with. I don't have any issues but one of my coworkers recently did and it was handled extremely well. ,26-35,i currently have the best managers i ve ever worked with i don t have any issues but one of my coworkers recently did and it was handled extremely well,0.21875,Positive
2014-08-27 16:16:40,23,Male,Germany,Unknown,Yes,Yes,Yes,Often,26-100,Yes,Yes,Don't know,No,Don't know,Don't know,Don't know,Don't know,No,Maybe,Yes,Yes,Maybe,Yes,Don't know,No,you rock for doing this!,18-25,you rock for doing this,0.0,Neutral
2014-08-27 16:19:05,18,Male,United Kingdom,Unknown,No,Yes,Yes,Sometimes,1-5,Yes,Yes,Don't know,Not sure,Don't know,Don't know,Don't know,Don't know,Maybe,Maybe,Some of them,Some of them,Maybe,Maybe,Don't know,No,I don't have a job :D,18-25,i don t have a job d,1.0,Positive
2014-08-27 16:21:54,26,Male,Israel,MD,No,No,No,Sometimes,6-25,No,Yes,No,No,No,No,Yes,Very easy,Maybe,No,Some of them,Yes,No,Maybe,Yes,No,Israel has public health insurance for everyone. Everyone has free mental health coverage and it's quite good. So that explains some of my answers.,26-35,israel has public health insurance for everyone everyone has free mental health coverage and it s quite good so that explains some of my answers,0.25,Positive
2014-08-27 16:27:47,36,Male,United States,TX,No,No,Yes,Sometimes,More than 1000,No,No,Yes,Not sure,No,No,Don't know,Somewhat difficult,Yes,Maybe,Some of them,No,No,No,No,Yes,Stigma is the worst. People first language is a small step but we can't get that right.,36-45,stigma is the worst people first language is a small step but we can t get that right,-0.17857142857142858,Negative
2014-08-27 16:55:04,39,Male,United States,WA,No,No,No,Never,26-100,No,Yes,Yes,Yes,Yes,Yes,Yes,Very easy,No,No,Yes,Yes,No,No,Yes,No,I work for an extremely supportive company and we are amazingly open about mental health issues. Employees often share their struggles with the whole team and receive a high level of support in return.,36-45,i work for an extremely supportive company and we are amazingly open about mental health issues employees often share their struggles with the whole team and receive a high level of support in return,0.15200000000000002,Positive
2014-08-27 18:13:38,28,Other,United Kingdom,Unknown,No,Yes,Yes,Rarely,100-500,No,Yes,No,Not sure,No,No,Yes,Somewhat difficult,Yes,Yes,Some of them,Some of them,Yes,No,No,Yes,I bring up my depression in interviews solely because I have a large gap on my CV due to mental health issues which could be mistaken for a gap taken to say have children which I feel would harm my chances much more. I have other MH issues I would never bring up with employers or peers.,26-35,i bring up my depression in interviews solely because i have a large gap on my cv due to mental health issues which could be mistaken for a gap taken to say have children which i feel would harm my chances much more i have other mh issues i would never bring up with employers or peers,0.07285714285714286,Positive
2014-08-27 18:39:43,25,Male,United States,CA,No,Yes,No,Don't know,500-1000,No,No,Don't know,Not sure,No,No,Don't know,Don't know,Maybe,No,Some of them,Some of them,No,Maybe,Don't know,No,I'm not aware of anyone with mental health issues at work it's definitely not something that's discussed publicly. There's also a lot of other personal info I don't know about my coworkers so it may just be that we tend not to talk about personal issues.,18-25,i m not aware of anyone with mental health issues at work it s definitely not something that s discussed publicly there s also a lot of other personal info i don t know about my coworkers so it may just be that we tend not to talk about personal issues,-0.049999999999999996,Neutral
2014-08-27 18:41:00,32,Male,New Zealand,Unknown,No,No,Yes,Sometimes,6-25,No,Yes,No,No,No,No,Don't know,Very easy,No,No,Some of them,Yes,Maybe,Yes,Don't know,No,I suffer from mild depression and anxiety.,26-35,i suffer from mild depression and anxiety,0.3333333333333333,Positive
2014-08-27 18:43:06,29,Male,Canada,Unknown,No,No,Yes,Sometimes,1-5,No,Yes,No,No,No,No,Don't know,Don't know,Maybe,No,Some of them,Some of them,No,No,Yes,No,The family history question needs a don't know option.,26-35,the family history question needs a don t know option,0.0,Neutral
2014-08-27 19:13:21,33,Male,United States,NY,No,No,No,Don't know,26-100,No,Yes,Don't know,No,Don't know,Don't know,Don't know,Don't know,Yes,No,Some of them,No,No,Maybe,Don't know,No,I'm afraid I haven't seen mental health issues arise at work yet. They are very accommodating with maternity leave but I don't know how that translates to anything else.,26-35,i m afraid i haven t seen mental health issues arise at work yet they are very accommodating with maternity leave but i don t know how that translates to anything else,-0.16666666666666666,Negative
2014-08-27 19:45:36,31,Male,United States,CA,No,Yes,No,Sometimes,More than 1000,No,Yes,Yes,Not sure,Don't know,Don't know,Don't know,Somewhat easy,Maybe,No,No,Some of them,No,Yes,No,No,Mental health issue I have dealt with: acute depression,26-35,mental health issue i have dealt with acute depression,0.25,Positive
2014-08-27 21:15:09,34,Male,United States,IL,No,Yes,Yes,Sometimes,26-100,Yes,No,Yes,No,No,No,Don't know,Don't know,Maybe,No,Some of them,Some of them,No,Maybe,Don't know,No,Thanks for doing this. It will help end the stigma!,26-35,thanks for doing this it will help end the stigma,0.25,Positive
2014-08-27 21:35:24,29,Male,Canada,Unknown,No,No,Yes,Never,More than 1000,No,No,Yes,Not sure,Yes,Yes,Yes,Somewhat difficult,Maybe,No,Some of them,No,No,Maybe,Don't know,Yes,For clarity I work at a casino.,26-35,for clarity i work at a casino,0.0,Neutral
2014-08-27 21:45:31,27,Male,Singapore,Unknown,No,No,No,Sometimes,1-5,Yes,Yes,No,No,No,No,Yes,Don't know,Yes,No,Some of them,Yes,No,No,No,No,Most employers / coworkers and even immediate family is not all the time supportive to discuss depression and other problems. ie. My wife thinks she should be able to make sure that I am not depressed  which is funny because sometimes depression state has nothing to do with her. ,26-35,most employers coworkers and even immediate family is not all the time supportive to discuss depression and other problems ie my wife thinks she should be able to make sure that i am not depressed which is funny because sometimes depression state has nothing to do with her,0.3541666666666667,Positive
2014-08-27 22:06:14,29,Male,United States,OH,No,Yes,Yes,Sometimes,26-100,No,Yes,Don't know,No,No,No,No,Somewhat difficult,Yes,No,Some of them,Some of them,No,Maybe,Don't know,No,It has come to interfere with work as life progresses.Between burn out and enduring more of the work and balancing a family. Changes in my mental health have a larger pond to make ripples in.,26-35,it has come to interfere with work as life progresses between burn out and enduring more of the work and balancing a family changes in my mental health have a larger pond to make ripples in,0.13333333333333333,Positive
2014-08-27 22:35:40,35,Male,United States,TN,Yes,Yes,No,Don't know,6-25,Yes,Yes,No,No,Yes,Yes,Don't know,Very easy,No,No,Yes,Yes,No,Maybe,Yes,No,The supposed divide between mental and physical health needs to done away with and probably will be as our knowledge of the brain increases. That said we are often employed for our ability to provide value. If any issue prevents is from providing value that creates a very real challenge for the employer who is responsible to shareholders and other team members who are providing value. There are no easy answers here.,26-35,the supposed divide between mental and physical health needs to done away with and probably will be as our knowledge of the brain increases that said we are often employed for our ability to provide value if any issue prevents is from providing value that creates a very real challenge for the employer who is responsible to shareholders and other team members who are providing value there are no easy answers here,0.0030555555555555522,Neutral
2014-08-27 22:55:13,30,Male,United States,WI,Yes,Yes,Yes,Often,1-5,Yes,No,No,Yes,No,Yes,Yes,Somewhat difficult,No,No,Yes,Yes,No,No,Yes,No,Because I'm self-employed and the only person in my organization I would have liked a not applicable option. I don't want my answers to be misleading.,26-35,because i m self employed and the only person in my organization i would have liked a not applicable option i don t want my answers to be misleading,0.3,Positive
2014-08-27 23:10:16,50,Male,United States,WY,No,No,No,Sometimes,1-5,Yes,Yes,Don't know,No,No,Don't know,Don't know,Don't know,Yes,Maybe,Some of them,Some of them,No,Maybe,Don't know,No,I work for a very small firm that doesn't really have a dedicated H/R person. Also for the question:If you have a mental health condition do you feel that it interferes with your work?...I don't have a diagnosed mental health condition but I suspect I might have some slight depression issues. Definitely have Imposter Syndrome.,46-70,i work for a very small firm that doesn t really have a dedicated h r person also for the question if you have a mental health condition do you feel that it interferes with your work i don t have a diagnosed mental health condition but i suspect i might have some slight depression issues definitely have imposter syndrome,-0.0988095238095238,Negative
2014-08-27 23:54:08,32,Male,United States,TX,No,No,Yes,Sometimes,6-25,No,Yes,No,Yes,No,No,Yes,Somewhat easy,No,No,Some of them,Yes,Maybe,Maybe,Yes,No,I went through a divorce and was pretty depressed I went to therapy and my boss (one of the owners) was extremely supportive. I'm not sure I would have got through that rough time with out my co-workers and boss.,26-35,i went through a divorce and was pretty depressed i went to therapy and my boss one of the owners was extremely supportive i m not sure i would have got through that rough time with out my co workers and boss,0.1,Positive
2014-08-28 00:43:40,35,Male,United States,MD,No,Yes,Yes,Rarely,100-500,Yes,No,Yes,Yes,No,No,Yes,Very difficult,Yes,No,Some of them,No,No,Maybe,No,No,I'm diagnosed with Bipolar Disorder. My benefits for mental health exist but are terrible. The deductible is $800. I see a therapist once or twice a month at the cost of $150. The insurance company only values it at $40. My psychiatrist is $180 for 15 minutes. The insurance company values it at $80. It is IMPOSSIBLE to hit my deductible. I don't even bother making the claims.,26-35,i m diagnosed with bipolar disorder my benefits for mental health exist but are terrible the deductible is i see a therapist once or twice a month at the cost of the insurance company only values it at my psychiatrist is for minutes the insurance company values it at it is impossible to hit my deductible i don t even bother making the claims,-0.44166666666666665,Negative
2014-08-28 01:14:11,24,Male,Germany,Unknown,No,Yes,No,Sometimes,100-500,No,Yes,Don't know,No,No,No,Don't know,Somewhat easy,No,No,Some of them,Some of them,No,Maybe,Don't know,No,We don't fucking talk about it ever.,18-25,we don t fucking talk about it ever,-0.6,Negative
2014-08-28 02:17:42,34,Male,United States,CA,Yes,Yes,Yes,Sometimes,6-25,No,Yes,No,Yes,No,No,Yes,Somewhat easy,No,No,Some of them,Some of them,No,No,No,No,thanks for what you're doing. FYI these questions dont quite work for entrepreneurs where employer == cofounders / sr mgmt / me,26-35,thanks for what you re doing fyi these questions dont quite work for entrepreneurs where employer cofounders sr mgmt me,0.2,Positive
2014-08-28 04:00:30,26,Female,Australia,Unknown,No,Yes,No,Sometimes,100-500,No,No,No,Yes,Yes,Yes,Don't know,Somewhat easy,No,No,Yes,Yes,No,No,Don't know,No,Majority of qs on survey not relevant if you are self employed,26-35,majority of qs on survey not relevant if you are self employed,-0.2,Negative
2014-08-28 04:07:34,39,Male,United States,FL,No,No,No,Rarely,More than 1000,Yes,No,Don't know,No,Yes,Yes,Don't know,Don't know,No,No,Some of them,Some of them,No,Maybe,Don't know,No,I mostly suffer from social anxiety which keeps me from attending conferences. In my small dev group a big problem is a supervisor who's a workaholic and will never say no when asked to do something so he's doing the job of at least two ppl (poorly) and working crazy hours setting the tone for the test of us that work/life balance isn't important.,36-45,i mostly suffer from social anxiety which keeps me from attending conferences in my small dev group a big problem is a supervisor who s a workaholic and will never say no when asked to do something so he s doing the job of at least two ppl poorly and working crazy hours setting the tone for the test of us that work life balance isn t important,-0.07708333333333332,Negative
2014-08-28 04:16:30,34,Male,Australia,Unknown,No,Yes,No,Never,500-1000,No,No,Don't know,No,Yes,Yes,Don't know,Don't know,Yes,Maybe,No,No,No,No,Don't know,Yes,I don't have any mental health issues but for a number of years I had to care for a family member who did and I felt that I was not able to discuss or get support from friends or colleagues in the same way that I might have if they had suffered from a physical condition.,26-35,i don t have any mental health issues but for a number of years i had to care for a family member who did and i felt that i was not able to discuss or get support from friends or colleagues in the same way that i might have if they had suffered from a physical condition,-0.0875,Negative
2014-08-28 09:55:14,28,Male,Canada,Unknown,No,No,No,Don't know,More than 1000,No,Yes,Yes,Not sure,Don't know,Don't know,Don't know,Somewhat easy,No,No,Some of them,Yes,No,No,Don't know,No,I am a contractor so my lack of knowledge of workplace wellness stems directly from my lack of access to that material since I am not covered by it. I am aware that mental health services are available and am aware of a colleague who has taken a leave of absence to deal with mental health issues but am otherwise uninformed.,26-35,i am a contractor so my lack of knowledge of workplace wellness stems directly from my lack of access to that material since i am not covered by it i am aware that mental health services are available and am aware of a colleague who has taken a leave of absence to deal with mental health issues but am otherwise uninformed,0.11250000000000002,Positive
2014-08-28 10:18:46,31,Male,South Africa,Unknown,No,No,No,Never,100-500,Yes,Yes,No,No,No,No,No,Don't know,No,No,Some of them,Some of them,No,Maybe,No,No,Fully remote developer,26-35,fully remote developer,-0.1,Negative
2014-08-28 11:04:17,36,Male,United States,OH,No,No,Yes,Sometimes,100-500,Yes,Yes,Yes,Yes,No,No,Don't know,Very difficult,Maybe,Maybe,Some of them,Some of them,Maybe,Maybe,Don't know,No,I am a 15 year vet of the industry and I get 2 weeks of combined sick and vacation time a year and I have children to fit into that too. I've had heart problems from the stress. Fuck everything about startup culture. ,36-45,i am a year vet of the industry and i get weeks of combined sick and vacation time a year and i have children to fit into that too i ve had heart problems from the stress fuck everything about startup culture,-0.2380952380952381,Negative
2014-08-28 11:10:53,32,Male,Italy,Unknown,No,No,No,Don't know,6-25,No,Yes,No,No,No,No,No,Somewhat difficult,Maybe,No,Some of them,No,Maybe,Maybe,No,No,Italians are somewhat behind for what concerns mental health care in the workplace.  Physical health care is very much accepted with a doctor that certifies your ailment.  Mental health is treated quite differently I believe because most people are willing to admit that physical ailments should be covered while mental ailments are almost considered non-existent in most respects.  ,26-35,italians are somewhat behind for what concerns mental health care in the workplace physical health care is very much accepted with a doctor that certifies your ailment mental health is treated quite differently i believe because most people are willing to admit that physical ailments should be covered while mental ailments are almost considered non existent in most respects,0.07363636363636364,Positive
2014-08-28 11:14:21,35,Male,United States,CA,No,Yes,Yes,Rarely,6-25,No,Yes,Yes,Yes,Yes,Yes,Yes,Very easy,No,No,Some of them,Yes,No,No,Yes,No,Since I am the CEO of my startup some of the would you feel comfortable and do you know the policy questions are interesting.  Of course I feel comfortable since no one can fire me and I know the policies because I chose them!However now I am curious if my employees know just how supportive the company would be of their mental health needs and this survey is making me realize that we probably haven't done a great job communicating that to everyone.  Thanks for doing this.,26-35,since i am the ceo of my startup some of the would you feel comfortable and do you know the policy questions are interesting of course i feel comfortable since no one can fire me and i know the policies because i chose them however now i am curious if my employees know just how supportive the company would be of their mental health needs and this survey is making me realize that we probably haven t done a great job communicating that to everyone thanks for doing this,0.325,Positive
2014-08-28 11:27:56,38,Female,United States,NC,No,Yes,Yes,Sometimes,26-100,No,No,Yes,Not sure,No,Don't know,Don't know,Don't know,Maybe,No,No,No,No,No,Don't know,No,I work for the state so the health plan is large and cumbersome.  I believe it covers most medical as a state benefit but I haven't seen any promotion of it.  And it's not really the same as a tech company where I am.  We are an IT department but hardly run like any tech company around.,36-45,i work for the state so the health plan is large and cumbersome i believe it covers most medical as a state benefit but i haven t seen any promotion of it and it s not really the same as a tech company where i am we are an it department but hardly run like any tech company around,0.05376984126984127,Positive
2014-08-28 11:34:36,21,Male,United States,IL,No,No,Yes,Often,More than 1000,No,No,No,Yes,No,No,No,Don't know,Yes,No,Some of them,Some of them,No,Yes,No,Yes,I have Narcolepsy and have been fired from a job before for falling asleep standing up during a meeting. I was standing up in the back of the room so that i could pace and try to prevent myself from falling asleep. I still managed to fall asleep while standing and fell over against the wall. I was fired the next day. The worst part is this is a condition i had given months of notice about to my boss and i reminded her of it before the meeting. I worked at a hospital at the time. I would have thought that they would be more accommodating.,18-25,i have narcolepsy and have been fired from a job before for falling asleep standing up during a meeting i was standing up in the back of the room so that i could pace and try to prevent myself from falling asleep i still managed to fall asleep while standing and fell over against the wall i was fired the next day the worst part is this is a condition i had given months of notice about to my boss and i reminded her of it before the meeting i worked at a hospital at the time i would have thought that they would be more accommodating,-0.125,Negative
2014-08-28 11:36:48,31,Male,Canada,Unknown,Yes,Yes,No,Sometimes,1-5,Yes,Yes,No,Yes,No,No,Yes,Somewhat easy,No,No,No,No,No,No,Yes,No,I feel like most of my answers were useless due to answering that I am self-employed early on. Since my employer is me... my employer does/doesn't offer mental health benefits or would I be comfortable bring it up with 'them' doesn't make sense...,26-35,i feel like most of my answers were useless due to answering that i am self employed early on since my employer is me my employer does doesn t offer mental health benefits or would i be comfortable bring it up with them doesn t make sense,0.04583333333333334,Neutral
2014-08-28 12:02:59,33,Male,United States,VA,Yes,Yes,Yes,Sometimes,1-5,Yes,Yes,No,Yes,No,No,Yes,Very easy,Maybe,Maybe,Yes,Yes,No,No,Yes,No,My current work situation was constructed in part because of my mental health issues. One of the reasons I'm self employed is to give me the most flexibility for coping with my mental health issues.I have been removed from a client project in the past because of a mental health condition. This was while I was an employee for a large consulting company. ,26-35,my current work situation was constructed in part because of my mental health issues one of the reasons i m self employed is to give me the most flexibility for coping with my mental health issues i have been removed from a client project in the past because of a mental health condition this was while i was an employee for a large consulting company,0.023469387755102045,Neutral
2014-08-28 12:07:28,37,Male,United Kingdom,Unknown,No,Yes,Yes,Rarely,6-25,No,Yes,No,No,No,No,Yes,Somewhat easy,Yes,No,Some of them,Yes,No,Maybe,No,Yes,Some of these questions are not really suitable for non US people.,36-45,some of these questions are not really suitable for non us people,-0.275,Negative
2014-08-28 13:08:36,35,Male,United States,LA,No,No,Yes,Sometimes,100-500,No,No,Yes,No,No,No,Yes,Very difficult,Yes,Maybe,No,Some of them,No,Yes,No,Yes,I work for the state government. While things are slowly changing regarding covering mental health with state employees it's just not something that is acceptable in this kind of strict environment so I have to be careful about what I say and how I say it. I often take mental health days but have to call in with a physical illness because mental health problems are not acceptable excuses for using sick leave.,26-35,i work for the state government while things are slowly changing regarding covering mental health with state employees it s just not something that is acceptable in this kind of strict environment so i have to be careful about what i say and how i say it i often take mental health days but have to call in with a physical illness because mental health problems are not acceptable excuses for using sick leave,-0.1017857142857143,Negative
2014-08-28 13:34:57,27,Male,Switzerland,Unknown,No,Yes,No,Don't know,26-100,No,Yes,No,No,No,No,Don't know,Don't know,Maybe,No,Some of them,Yes,No,Yes,No,No,Thank you for your work what you do is important!,26-35,thank you for your work what you do is important,0.5,Positive
2014-08-28 13:35:25,35,Male,United States,CA,No,No,Yes,Sometimes,100-500,Yes,Yes,Don't know,No,Don't know,Don't know,Don't know,Very easy,Maybe,No,Some of them,No,No,Maybe,Yes,No,It might be safe to talk about it where I am now but I don't know for sure and I err on the side of being over cautious. Struggle with depression and anxiety which sometimes affects my productivity but I try to make up / cover up for it instead of being open about it.,26-35,it might be safe to talk about it where i am now but i don t know for sure and i err on the side of being over cautious struggle with depression and anxiety which sometimes affects my productivity but i try to make up cover up for it instead of being open about it,0.3333333333333333,Positive
2014-08-28 13:48:30,40,Male,United States,WA,No,Yes,Yes,Sometimes,100-500,No,No,Yes,Yes,Yes,Yes,Yes,Don't know,Maybe,No,Some of them,Yes,No,No,Don't know,Yes,I'm comfortable talking about mental health with my current supervisor & my immediate at my current job but this is a first for me!,36-45,i m comfortable talking about mental health with my current supervisor my immediate at my current job but this is a first for me,0.12250000000000001,Positive
2014-08-28 15:25:39,48,Male,United States,CA,No,Yes,No,Often,26-100,No,Yes,Don't know,No,No,No,No,Very difficult,Yes,Yes,No,Some of them,No,No,No,Yes,None of us who are already in marginal groups in tech--the non-young the non-male the non-white--will risk our careers to admit another source of stigma: poor health.,46-70,none of us who are already in marginal groups in tech the non young the non male the non white will risk our careers to admit another source of stigma poor health,-0.4,Negative
2014-08-28 16:54:49,31,Male,United States,NY,No,Yes,Yes,Sometimes,100-500,No,Yes,Yes,Yes,No,No,Don't know,Somewhat difficult,No,No,Yes,Yes,Maybe,Maybe,Don't know,No,I have been incredibly public about my own struggle in my own conversations and in social media insofar as how I can use my depression to raise awareness or help others. Because of that my employer - or any future employer - kind of knows by default. It's not a secret. That said the downside of that openness is that I have no faith that I wouldn't be discriminated against at a future job simply because the information is public. Likewise I worry I'm seen as less-than by my employer in some circumstances. Regerdless I don't regret being public and raising awareness. My point is that even those of us who do publicly discuss the issue fear systemic retribution. ,26-35,i have been incredibly public about my own struggle in my own conversations and in social media insofar as how i can use my depression to raise awareness or help others because of that my employer or any future employer kind of knows by default it s not a secret that said the downside of that openness is that i have no faith that i wouldn t be discriminated against at a future job simply because the information is public likewise i worry i m seen as less than by my employer in some circumstances regerdless i don t regret being public and raising awareness my point is that even those of us who do publicly discuss the issue fear systemic retribution,0.16944444444444448,Positive
2014-08-28 16:56:57,34,Male,United States,TN,No,No,Yes,Sometimes,100-500,No,Yes,Don't know,No,Yes,Don't know,Yes,Don't know,Maybe,No,Some of them,No,No,No,Don't know,No,At a previous employer I witness a bad thing happen to a coworker with mental health issues get swept under the rug... :(,26-35,at a previous employer i witness a bad thing happen to a coworker with mental health issues get swept under the rug,-0.4291666666666666,Negative
2014-08-28 16:57:46,40,Male,United States,IL,No,No,No,Rarely,More than 1000,No,Yes,Yes,Yes,Yes,Yes,Yes,Don't know,No,No,Some of them,Some of them,No,Maybe,Don't know,No,While not personally affected I do have immediate family with mental health illness and my employer has been very supportive. Thanks for doing this survey.,36-45,while not personally affected i do have immediate family with mental health illness and my employer has been very supportive thanks for doing this survey,0.1875,Positive
2014-08-28 17:02:29,33,Male,United States,MN,No,No,No,Don't know,100-500,No,Yes,No,No,No,No,Don't know,Don't know,Maybe,No,Some of them,Yes,No,No,No,No,The company I work for was started by engineers and so anything other then the engineering department has always lacked a bit. Now that we've grown things are better but I feel that overall our total benefits package (including healthcare) isn't well communicated. This reflects negatively on the mental health questions above but would also reflect negatively on any other sort of survey about the benefits. That is I don't think the company is purposefully doing less for mental health. They just aren't doing enough across the board and that includes mental health.,26-35,the company i work for was started by engineers and so anything other then the engineering department has always lacked a bit now that we ve grown things are better but i feel that overall our total benefits package including healthcare isn t well communicated this reflects negatively on the mental health questions above but would also reflect negatively on any other sort of survey about the benefits that is i don t think the company is purposefully doing less for mental health they just aren t doing enough across the board and that includes mental health,-0.0628205128205128,Negative
2014-08-28 17:10:00,39,Male,United States,KS,No,No,No,Don't know,1-5,Yes,Yes,No,Yes,No,No,Don't know,Very difficult,Maybe,Maybe,Some of them,Yes,Maybe,Maybe,No,No,Thank you for all you are doing to study this topic and raise awareness in our communities. ,36-45,thank you for all you are doing to study this topic and raise awareness in our communities,0.0,Neutral
2014-08-28 17:19:27,30,Male,United States,CA,Yes,Yes,Yes,Sometimes,6-25,Yes,Yes,Don't know,Not sure,No,Don't know,Don't know,Very difficult,Yes,No,No,No,No,Maybe,Don't know,No,The main reason for the openness answers are because of an experience with my last employer. I felt I could trust my direct supervisor so I divulged information. It ended up spreading to more supervisors and eventually my coworkers. Supers highly suggested treatment but rushed things that shouldn't have been rushed and I ended up being incorrectly treated in a psych ward and mentally scarred from the issue. I lost most of my desire to program due to the experience not to mention thousands of dollars I lost - lost work time vacation time they used for treatment time doctors expenses etc. I have major depressive disorder high anxiety and mild agoraphobia. After seeing what treatment has to offer I will likely not seek it again and continue as is. (Long story short.),26-35,the main reason for the openness answers are because of an experience with my last employer i felt i could trust my direct supervisor so i divulged information it ended up spreading to more supervisors and eventually my coworkers supers highly suggested treatment but rushed things that shouldn t have been rushed and i ended up being incorrectly treated in a psych ward and mentally scarred from the issue i lost most of my desire to program due to the experience not to mention thousands of dollars i lost lost work time vacation time they used for treatment time doctors expenses etc i have major depressive disorder high anxiety and mild agoraphobia after seeing what treatment has to offer i will likely not seek it again and continue as is long story short,0.1219642857142857,Positive
2014-08-28 17:22:53,37,Male,United States,TN,No,No,No,Never,500-1000,Yes,Yes,Yes,No,Yes,Don't know,Don't know,Don't know,Maybe,No,Some of them,Yes,No,No,Yes,Yes,(yes but the situation was unusual and involved a change in leadership at a very high level in the organization as well as an extended leave of absence),36-45,yes but the situation was unusual and involved a change in leadership at a very high level in the organization as well as an extended leave of absence,0.13183333333333333,Positive
2014-08-28 17:33:05,39,Male,United States,TN,No,Yes,No,Sometimes,More than 1000,No,Yes,Yes,No,Yes,Yes,Don't know,Don't know,Maybe,Maybe,Some of them,Yes,Maybe,Maybe,Don't know,Yes,I would add that while there were negative consequences for coworkers with mental health they were given a HUGE amount of leeway.  I think the team at large tried their best to be kind but that's how the person suffered.  The company actually gave this person a lot of help.  Which was cool.  But the team still discriminated.,36-45,i would add that while there were negative consequences for coworkers with mental health they were given a huge amount of leeway i think the team at large tried their best to be kind but that s how the person suffered the company actually gave this person a lot of help which was cool but the team still discriminated,0.2705357142857143,Positive
2014-08-28 17:39:06,40,Male,United States,TN,No,Yes,Yes,Often,500-1000,Yes,Yes,Don't know,Not sure,No,Don't know,Don't know,Don't know,Maybe,Maybe,Some of them,Some of them,No,Yes,Don't know,No,Bipolar spectrum is tricky.,36-45,bipolar spectrum is tricky,0.0,Neutral
2014-08-28 17:47:45,34,Male,Germany,Unknown,Yes,No,Yes,Sometimes,1-5,Yes,Yes,No,Not sure,No,No,Yes,Somewhat difficult,Maybe,Maybe,Some of them,Some of them,No,No,Don't know,No,To be self employed helps but also brings you in touch with lots of new people that you might have to explain yourself to.,26-35,to be self employed helps but also brings you in touch with lots of new people that you might have to explain yourself to,0.13636363636363635,Positive
2014-08-28 17:47:49,50,Male,United States,VA,Yes,No,No,Never,1-5,Yes,Yes,No,Yes,No,No,Yes,Somewhat easy,No,No,Some of them,Yes,No,Maybe,Yes,No,A lot of these answers aren't really applicable since I'm self employed as a sole proprietor.,46-70,a lot of these answers aren t really applicable since i m self employed as a sole proprietor,0.1,Positive
2014-08-28 18:02:09,25,Male,United States,OH,No,Yes,Yes,Sometimes,More than 1000,No,Yes,Yes,Yes,Yes,No,Don't know,Don't know,Yes,Yes,No,No,No,No,No,No,While I have not seen any direct retaliation against people with known mental illness many people do freely use insults commonly associated with mental illness (r****d for example) and criticize people behind their back for taking extra leave for doctor appointments (Oh I bet they are just hung over or other comments about how lazy they are.),18-25,while i have not seen any direct retaliation against people with known mental illness many people do freely use insults commonly associated with mental illness r d for example and criticize people behind their back for taking extra leave for doctor appointments oh i bet they are just hung over or other comments about how lazy they are,-0.02499999999999999,Neutral
2014-08-28 21:27:19,43,Male,United States,Unknown,No,Yes,No,Sometimes,500-1000,No,No,Yes,Not sure,No,Don't know,Don't know,Don't know,Maybe,No,No,Some of them,No,Maybe,No,No,My employer gives access to basic counseling and referrals but I don't know (and it's not obvious) what might be covered in the way of expenses for therapy medication etc.,36-45,my employer gives access to basic counseling and referrals but i don t know and it s not obvious what might be covered in the way of expenses for therapy medication etc,0.0,Neutral
2014-08-28 21:41:53,35,Male,United States,GA,No,Yes,Yes,Sometimes,6-25,No,No,Yes,Not sure,Yes,Yes,Yes,Somewhat difficult,Maybe,Maybe,Some of them,Yes,No,Maybe,Yes,No,* Small family business - YMMV.,26-35,small family business ymmv,-0.25,Negative
2014-08-28 21:47:33,34,Male,United States,TX,No,No,No,Often,1-5,No,Yes,Don't know,No,No,Yes,Don't know,Very easy,No,No,Some of them,Yes,No,Maybe,Yes,No,* Small family business - YMMV.,26-35,small family business ymmv,-0.25,Negative
2014-08-28 22:16:34,43,Male,United States,WA,No,No,Yes,Sometimes,100-500,Yes,Yes,Yes,Yes,No,Yes,Yes,Very difficult,Yes,Maybe,Some of them,No,No,Maybe,No,Yes,* Small family business - YMMV.,36-45,small family business ymmv,-0.25,Negative
2014-08-28 22:17:15,38,Male,United States,WA,No,Yes,Yes,Sometimes,100-500,No,Yes,No,Not sure,No,No,Don't know,Very difficult,Yes,Yes,No,Some of them,No,Maybe,No,No,* Small family business - YMMV.,36-45,small family business ymmv,-0.25,Negative
2014-08-28 22:18:41,26,Male,United States,WA,No,Yes,Yes,Sometimes,More than 1000,No,Yes,Don't know,Not sure,No,Yes,Yes,Very difficult,Maybe,No,Some of them,Some of them,Yes,Yes,No,Yes,* Small family business - YMMV.,26-35,small family business ymmv,-0.25,Negative
2014-08-29 00:11:17,43,Male,United States,WA,No,No,Yes,Rarely,More than 1000,No,Yes,Yes,Yes,Yes,Yes,Don't know,Somewhat easy,No,No,Yes,Yes,Maybe,Yes,Yes,No,I have an exceptional employer. I haven't run into problems with any employer I've had but consider myself lucky.,36-45,i have an exceptional employer i haven t run into problems with any employer i ve had but consider myself lucky,0.5,Positive
2014-08-29 02:10:57,38,Male,United States,TN,No,No,No,Don't know,6-25,No,Yes,No,No,No,No,Yes,Don't know,Maybe,No,Some of them,Yes,Maybe,Maybe,Don't know,No,Some of these should not be required.,36-45,some of these should not be required,0.0,Neutral
2014-08-29 03:02:45,34,Male,Netherlands,Unknown,Yes,Yes,Yes,Rarely,1-5,Yes,Yes,Yes,Yes,Yes,Yes,Yes,Very easy,No,No,Yes,Some of them,No,Maybe,Yes,No,Though I'm in the Netherlands and chose that country from the list quite some questions are strongly geared towards the US. Over here people don't need benefits from their employer because we pay enough taxes for the government to pay for treatment of any physical or mental condition. We don't need employer approval for medical leave; that's something a qualified medical professional decides (and while on leave we still get paid our salaries something the employer can get insurance for). I answered yes to questions about these things meaning it's covered not it's covered by my employer.,26-35,though i m in the netherlands and chose that country from the list quite some questions are strongly geared towards the us over here people don t need benefits from their employer because we pay enough taxes for the government to pay for treatment of any physical or mental condition we don t need employer approval for medical leave that s something a qualified medical professional decides and while on leave we still get paid our salaries something the employer can get insurance for i answered yes to questions about these things meaning it s covered not it s covered by my employer,0.06190476190476189,Positive
2014-08-29 05:57:48,26,Male,United Kingdom,Unknown,Yes,Yes,Yes,Sometimes,1-5,Yes,Yes,No,No,No,No,Don't know,Very easy,Maybe,No,Some of them,Yes,No,Maybe,Yes,No,I am a Trans woman and suffer from depression relating to that. I'm a contractor so I've answered the questions as relating to my current contract.,26-35,i am a trans woman and suffer from depression relating to that i m a contractor so i ve answered the questions as relating to my current contract,0.0,Neutral
2014-08-29 07:51:42,49,Male,United States,GA,No,Yes,No,Never,More than 1000,No,Yes,Yes,Yes,Yes,Yes,Yes,Don't know,No,No,Yes,Yes,No,No,Yes,No,Thank you for shining a light on this topic.,46-70,thank you for shining a light on this topic,0.4,Positive
2014-08-29 09:36:46,38,Male,United States,PA,No,Yes,Yes,Sometimes,100-500,Yes,No,Yes,Yes,No,Yes,Yes,Very easy,No,No,Yes,Yes,Yes,Yes,Don't know,No,While mental health is a part of our insurance program the UCR is 50% of 140% of medicare which means a solo mental health practitioner who will charge in my area $150-$180 a session will only result in a $45-$60 reimbursement and thus a very high out of pocket expense. This usage of a different schedule for UCR and often the lower rate is very hard to determine before purchasing insurance even in the new health insurance exchanges.,36-45,while mental health is a part of our insurance program the ucr is of of medicare which means a solo mental health practitioner who will charge in my area a session will only result in a reimbursement and thus a very high out of pocket expense this usage of a different schedule for ucr and often the lower rate is very hard to determine before purchasing insurance even in the new health insurance exchanges,-0.03354329004329005,Neutral
2014-08-29 10:03:24,25,Male,United States,Unknown,No,No,No,Rarely,26-100,Yes,Yes,Don't know,No,No,No,Don't know,Somewhat easy,Yes,No,Some of them,Some of them,No,Yes,Don't know,Yes,My work is using my brain. I do it incredibly well.I make an effort to avoid diagnosis of anything mental health related because I am convinced it would only affect me negatively.,18-25,my work is using my brain i do it incredibly well i make an effort to avoid diagnosis of anything mental health related because i am convinced it would only affect me negatively,0.1,Positive
2014-08-29 10:13:43,37,Male,United States,IN,No,Yes,No,Sometimes,26-100,Yes,Yes,Don't know,No,No,No,Don't know,Somewhat easy,Maybe,No,Some of them,Some of them,No,Maybe,No,No,My employer is extremely easy to work with and e.g. I have enormous leeway with flex time so I could take care of myself under that umbrella but I don't know and don't have a history of bring up mental health at the workplace so I am cautious in that area.,36-45,my employer is extremely easy to work with and e g i have enormous leeway with flex time so i could take care of myself under that umbrella but i don t know and don t have a history of bring up mental health at the workplace so i am cautious in that area,0.11111111111111112,Positive
2014-08-29 11:04:19,26,Male,Australia,Unknown,No,Yes,Yes,Sometimes,26-100,Yes,Yes,No,No,No,No,Yes,Don't know,No,No,Yes,Yes,No,Maybe,Yes,No,The questions related to employer-provided health benefits are largely irrelevant to where I live Australia so I'd discount them.,26-35,the questions related to employer provided health benefits are largely irrelevant to where i live australia so i d discount them,-0.12121212121212122,Negative
2014-08-29 11:24:48,33,Male,Italy,Unknown,No,Yes,Yes,Sometimes,6-25,No,Yes,No,Not sure,No,No,Don't know,Somewhat easy,No,No,Some of them,Yes,No,No,Don't know,No,I suffered of panic attacks and agoraphobia for about 10 years.,26-35,i suffered of panic attacks and agoraphobia for about years,0.0,Neutral
2014-08-29 11:32:22,39,Male,United Kingdom,Unknown,Yes,Yes,Yes,Sometimes,1-5,Yes,Yes,No,Yes,Yes,Yes,Yes,Somewhat difficult,No,No,Yes,Yes,No,Maybe,Yes,Yes,These result may be a tad confusing so a summary follows.* Currently self-employed so employer is me :)* Last place of employment was amazing when I first discovered I was bi-polar and helped me as long as I was there up to and including a mental health course for the whole team (although no mention why to others which was great).* I've never had a negative reaction yet but I know others who have.* I've been very lucky with company I keep which is why my experience is largely good.,36-45,these result may be a tad confusing so a summary follows currently self employed so employer is me last place of employment was amazing when i first discovered i was bi polar and helped me as long as i was there up to and including a mental health course for the whole team although no mention why to others which was great i ve never had a negative reaction yet but i know others who have i ve been very lucky with company i keep which is why my experience is largely good,0.21025641025641026,Positive
2014-08-29 11:32:44,26,Male,United States,WA,No,Yes,Yes,Sometimes,More than 1000,No,Yes,Yes,Yes,No,No,Don't know,Don't know,No,No,Some of them,Yes,No,Maybe,No,Yes,I should note one of the places my employer fails with regards to mental health is that the company-paid health insurance policy does not cover trans healthcare needs.,26-35,i should note one of the places my employer fails with regards to mental health is that the company paid health insurance policy does not cover trans healthcare needs,-0.3,Negative
2014-08-29 12:15:57,24,Male,Germany,Unknown,No,Yes,Yes,Sometimes,6-25,No,Yes,No,No,No,No,Don't know,Somewhat easy,Maybe,No,Yes,Yes,No,No,Don't know,No,Thank you this is very important.,18-25,thank you this is very important,0.52,Positive
2014-08-29 12:54:31,39,Male,United States,OH,No,No,Yes,Sometimes,6-25,Yes,Yes,No,No,No,No,Don't know,Don't know,Maybe,Maybe,Some of them,Some of them,No,Maybe,No,No,I've never heard of a workplace that would actually allow you to call off for mental health reasons. So many places require a doctor's note for calling off sick. It's all set up to make you feel worse if you can't just suck it up. Thanks for working to change this!!!,36-45,i ve never heard of a workplace that would actually allow you to call off for mental health reasons so many places require a doctor s note for calling off sick it s all set up to make you feel worse if you can t just suck it up thanks for working to change this,-0.053943452380952384,Negative
2014-08-29 14:31:00,43,Male,United States,VA,Yes,Yes,Yes,Sometimes,1-5,Yes,Yes,Yes,Not sure,No,Don't know,Don't know,Don't know,Maybe,Maybe,Some of them,Some of them,No,Maybe,Don't know,No,This survey was tough as a self-employed individual. You may wish to discard responses from self employed people for much of your analysis.,36-45,this survey was tough as a self employed individual you may wish to discard responses from self employed people for much of your analysis,-0.06296296296296296,Negative
2014-08-29 14:51:49,27,Male,United States,WA,No,Yes,Yes,Often,More than 1000,No,Yes,Yes,Yes,Yes,Yes,Yes,Very difficult,Maybe,No,Yes,Some of them,No,Maybe,No,Yes,I answered based on previous job at large technical company where I was pushed out of my role within 3 months of disclosing diagnosis.I had been struggling for 3 months prior to disclosure and was incredibly relieved when finally diagnosed. Growing up in a family open about mental health and also at the end of my rope I immediately shared with management what was going on. I requested a temporary reduced workload so I could reduce anxiety. (At time I didn't know it was anxiety as took me a year to accept that the (to me) deserved stress was anxiety caused by my core diagnosis.) When disclosing I didn't deeply understand details of the state of my mental health; I simply knew I was so stressed out by having been unable to get myself to do work in three months that I couldn't juggle all that was currently on my plate.It was at this point my direct manager and I began an almost daily struggle. After working on a single project and making progress (compared to 3 months before diagnosis when management didn't even know how bad I was doing) I requested increasing my workload. This was never granted; boss said I hadn't proved myself and implied I could not be trusted.Two huge issues stick out to me from that experience:1) Company assumes things would be better and back to 100% within months. They did not understand what one goes through when figuring out meds: things at times got worse. They did not understand how long it takes until meds are figured out: mine took two years. They most certainly would not truly understand why to this day four years later despite being stable I'm in counseling every other week in addition to being on meds. Rather than supporting that it would be seen as oh I'm sorry. I was a problem to my manager because he didn't see improvements each week.2) Accomodations.- There was no option for me to reduce work temporarily to part-time (too complicated). Instead they pushed me to take disability leave. I told them that wouldn't help; they told me to double-check with care providers. That required me to see a psychologist unnecessarily as psychologist said I didn't qualify for leave. (Expensive unnecessary appointment).- The assistance I needed the most at work was understanding: I was open but my manager told me to not tell my co-worker assigned to support me. That was disasterous for colleague's stress/frustration levels. He knew something was up but was barred from asking and I was implied it was better to keep my mouth shut.- Accommodations weren't understood by even Benefits as they're not trained in mental health nor do they have people come in to assess how they're doing in supporting those with mental health issues. Should be no different than people coming in to assess for physical accessibility of the workplace. When in a meeting with my manager supervised by HR I shouldn't feel like I'm asking too much of manager when requesting he put the negative critiques on the back burner and help me figure out whether I'm doing anything right. That this didn't stop him from coming into my office that same day and putting on my dick hat to yell at me for something that wasn't even my fault (he had brought in co-worker for this yelling and turned to finish yelling at this person): FUCKING UNACCEPTABLE.While I will never return to that company and as such took the severance package I will NEVER agree with their legal reason for being unable to do the job: me being medically disqualified from this role. I was too expensive in the short term for them; I'm not worth the cost.,26-35,i answered based on previous job at large technical company where i was pushed out of my role within months of disclosing diagnosis i had been struggling for months prior to disclosure and was incredibly relieved when finally diagnosed growing up in a family open about mental health and also at the end of my rope i immediately shared with management what was going on i requested a temporary reduced workload so i could reduce anxiety at time i didn t know it was anxiety as took me a year to accept that the to me deserved stress was anxiety caused by my core diagnosis when disclosing i didn t deeply understand details of the state of my mental health i simply knew i was so stressed out by having been unable to get myself to do work in three months that i couldn t juggle all that was currently on my plate it was at this point my direct manager and i began an almost daily struggle after working on a single project and making progress compared to months before diagnosis when management didn t even know how bad i was doing i requested increasing my workload this was never granted boss said i hadn t proved myself and implied i could not be trusted two huge issues stick out to me from that experience company assumes things would be better and back to within months they did not understand what one goes through when figuring out meds things at times got worse they did not understand how long it takes until meds are figured out mine took two years they most certainly would not truly understand why to this day four years later despite being stable i m in counseling every other week in addition to being on meds rather than supporting that it would be seen as oh i m sorry i was a problem to my manager because he didn t see improvements each week accomodations there was no option for me to reduce work temporarily to part time too complicated instead they pushed me to take disability leave i told them that wouldn t help they told me to double check with care providers that required me to see a psychologist unnecessarily as psychologist said i didn t qualify for leave expensive unnecessary appointment the assistance i needed the most at work was understanding i was open but my manager told me to not tell my co worker assigned to support me that was disasterous for colleague s stress frustration levels he knew something was up but was barred from asking and i was implied it was better to keep my mouth shut accommodations weren t understood by even benefits as they re not trained in mental health nor do they have people come in to assess how they re doing in supporting those with mental health issues should be no different than people coming in to assess for physical accessibility of the workplace when in a meeting with my manager supervised by hr i shouldn t feel like i m asking too much of manager when requesting he put the negative critiques on the back burner and help me figure out whether i m doing anything right that this didn t stop him from coming into my office that same day and putting on my dick hat to yell at me for something that wasn t even my fault he had brought in co worker for this yelling and turned to finish yelling at this person fucking unacceptable while i will never return to that company and as such took the severance package i will never agree with their legal reason for being unable to do the job me being medically disqualified from this role i was too expensive in the short term for them i m not worth the cost,-0.03299640610961365,Neutral
2014-08-29 14:59:43,37,Male,United States,NJ,No,Yes,Yes,Sometimes,26-100,Yes,Yes,Yes,Yes,No,Don't know,Don't know,Don't know,Yes,Maybe,No,No,No,Maybe,Don't know,No,If a man in tech is afraid of speaking up about these things it is even worse for women in tech who are already fearful of and fighting against the stigma of incompetence.  On the other hand if a female in tech does not commiserate with her male coworkers on mental health problems she will no longer be seen as a team player. It is really a catch-22 for women in STEM.,36-45,if a man in tech is afraid of speaking up about these things it is even worse for women in tech who are already fearful of and fighting against the stigma of incompetence on the other hand if a female in tech does not commiserate with her male coworkers on mental health problems she will no longer be seen as a team player it is really a catch for women in stem,-0.240625,Negative
2014-08-29 16:07:05,29,Male,Netherlands,Unknown,No,Yes,Yes,Often,1-5,No,Yes,Don't know,Not sure,Don't know,Yes,Don't know,Very difficult,No,Maybe,Yes,Yes,Maybe,No,Yes,No,Autism is a bitch for those living with it and living it. For the past years I've really been working hard to get myself (known) in the community. The people in the community that know can be counted on one hand. In general I'm not telling anyway unless it really matters and it would be a gain in some way or the other. Not because I don't trust the community members close to me but because I don't want to be that guy. And IMHO it doesn't and shouldn't matter but sadly some people are funky about that. Yet sometimes I wan't to tell everyone what I've been through and share my lessons learned.,26-35,autism is a bitch for those living with it and living it for the past years i ve really been working hard to get myself known in the community the people in the community that know can be counted on one hand in general i m not telling anyway unless it really matters and it would be a gain in some way or the other not because i don t trust the community members close to me but because i don t want to be that guy and imho it doesn t and shouldn t matter but sadly some people are funky about that yet sometimes i wan t to tell everyone what i ve been through and share my lessons learned,-0.10238095238095236,Negative
2014-08-29 16:17:32,30,Male,United States,TN,No,Yes,Yes,Often,More than 1000,No,No,Yes,No,No,No,Don't know,Somewhat difficult,Yes,No,No,No,No,Maybe,No,No,This issue for me is very real at the moment. I have missed several days of work recently because of a bad reaction to a depression/anxiety drug and I hate not being able to discuss it with my boss without worrying that I will be labeled a liability. ,26-35,this issue for me is very real at the moment i have missed several days of work recently because of a bad reaction to a depression anxiety drug and i hate not being able to discuss it with my boss without worrying that i will be labeled a liability,-0.1233333333333333,Negative
2014-08-29 19:34:40,40,Male,United States,WA,No,Yes,Yes,Sometimes,More than 1000,No,Yes,Yes,Not sure,Yes,Don't know,Don't know,Somewhat difficult,Maybe,No,Some of them,Some of them,No,Maybe,Don't know,Yes,Really manager dependent. I have had managers who work with my strengths and others who want my to work on my weaknesses which are directly tied to my mental issues. ,36-45,really manager dependent i have had managers who work with my strengths and others who want my to work on my weaknesses which are directly tied to my mental issues,0.06666666666666668,Positive
2014-08-29 20:53:09,29,Male,United States,WI,No,No,No,Don't know,More than 1000,No,No,Don't know,Not sure,Yes,Don't know,Yes,Somewhat easy,No,No,Some of them,Yes,No,Maybe,Yes,No,Though it doesn't affect me (male) good job for making the Gender field a text input instead of a drop down of only two options.,26-35,though it doesn t affect me male good job for making the gender field a text input instead of a drop down of only two options,0.1361111111111111,Positive
2014-08-30 13:23:57,25,Male,United States,MN,No,Yes,Yes,Sometimes,1-5,Yes,Yes,Don't know,No,Don't know,Don't know,Don't know,Very easy,No,No,Yes,Yes,Maybe,Yes,Don't know,No,I was (wrongly) diagnosed clinically depressed at 12 then bipolar I at 15 and medicated for a decade until decided myself to go drug free. Since then I've never been happier. Insomnia and my insatiablility for learning and programming have always had a symbiotic  relationship.It might also bear mentioning that I'm self-employed in addition to my more traditional day job.,18-25,i was wrongly diagnosed clinically depressed at then bipolar i at and medicated for a decade until decided myself to go drug free since then i ve never been happier insomnia and my insatiablility for learning and programming have always had a symbiotic relationship it might also bear mentioning that i m self employed in addition to my more traditional day job,0.1,Positive
2014-08-30 16:38:02,34,Male,United States,VT,No,No,No,Never,1-5,Yes,Yes,No,Yes,No,No,Don't know,Don't know,Yes,Yes,No,No,No,No,Don't know,No,My employer currently does not offer any health insurance I have to get that on my own.  However at past positions I have had health insurance but no one ever mentioned mental health issues nor would I wish to discuss those with my co-workers bosses etc for fear of negative reception.,26-35,my employer currently does not offer any health insurance i have to get that on my own however at past positions i have had health insurance but no one ever mentioned mental health issues nor would i wish to discuss those with my co workers bosses etc for fear of negative reception,-0.010000000000000004,Neutral
2014-08-30 20:19:37,35,Male,United States,NY,No,No,No,Don't know,6-25,No,Yes,Don't know,Not sure,Don't know,Don't know,Yes,Don't know,No,No,No,No,No,No,Yes,No,Mental health at work is not an issue if you leave work problems at work that may be easier for those of us not in a support role.,26-35,mental health at work is not an issue if you leave work problems at work that may be easier for those of us not in a support role,-0.1,Negative
2014-09-01 04:28:55,27,Male,United Kingdom,Unknown,No,No,Yes,Sometimes,More than 1000,No,No,No,No,No,No,Yes,Somewhat easy,Maybe,No,Yes,Yes,Maybe,Maybe,No,No,suffer from CR-PTSD so all answered based on that,26-35,suffer from cr ptsd so all answered based on that,0.0,Neutral
2014-09-01 06:52:31,25,Male,United Kingdom,Unknown,No,Yes,Yes,Sometimes,26-100,Yes,Yes,No,No,No,No,Yes,Very easy,No,No,Some of them,Yes,No,Maybe,Yes,No,Since being advised by Occupational Health that the tempo and spontenaity of the office environment was likely to have a negative effect on my mental health (I'm schizoaffective) I've been moved to 100% remote (home) working. The company have furnished a home office for me and I am only required to attend the office once a month to keep in touch,18-25,since being advised by occupational health that the tempo and spontenaity of the office environment was likely to have a negative effect on my mental health i m schizoaffective i ve been moved to remote home working the company have furnished a home office for me and i am only required to attend the office once a month to keep in touch,-0.1,Negative
2014-09-01 21:03:25,39,Male,United Kingdom,Unknown,No,Yes,Yes,Sometimes,More than 1000,No,No,No,No,No,No,Yes,Very easy,Maybe,Maybe,Some of them,Yes,Maybe,Maybe,Yes,No,Despite the impression that several 'no' responses might give my employer has been very supportive. But then I work in health care.,36-45,despite the impression that several no responses might give my employer has been very supportive but then i work in health care,0.325,Positive
2014-09-02 20:23:49,31,Male,United Kingdom,Unknown,No,Yes,Yes,Never,6-25,No,Yes,Don't know,Not sure,No,Don't know,Don't know,Somewhat easy,No,No,Some of them,Some of them,No,No,Don't know,No,When I've had a depression I was lucky to have an awesome manager who was very understanding and found a budget to pay for my therapy sessions.,26-35,when i ve had a depression i was lucky to have an awesome manager who was very understanding and found a budget to pay for my therapy sessions,0.5111111111111111,Positive
2014-09-02 20:57:56,30,Male,United States,MN,No,Yes,Yes,Rarely,6-25,No,Yes,No,Yes,No,No,Don't know,Don't know,No,No,No,No,No,No,Don't know,No,People have often felt uncomfortable with my story while most of it happened a decade ago. I used to be quite open about it and have since kept it quietly tucked away. While I sometimes have waves of depression I have learned to cope with the affects.,26-35,people have often felt uncomfortable with my story while most of it happened a decade ago i used to be quite open about it and have since kept it quietly tucked away while i sometimes have waves of depression i have learned to cope with the affects,0.0,Neutral
2014-09-13 07:52:27,23,Male,United Kingdom,Unknown,No,No,Yes,Sometimes,1-5,No,Yes,No,No,No,No,Don't know,Very difficult,Maybe,No,Yes,Yes,Yes,Yes,No,Yes,I burnt out this year. I worked too much had too much pressure on myself from being the sole developer on a delayed project that seemed to grow in size with each week it was delayed by and worried about money a lot.I became depressed and anxious and had trouble eating sleeping and generally being myself. As my depression worsened I was regularly late for work couldn't perform as well as I should and became irritable with my colleagues.My employers response after a while was to send me private messages complaining about my lateness which only worsened the situation. I was prescribed 3 weeks off work by my doctor which my employer agreed to only to come back after to find I had been on 'statutory pay' which was roughly half of what I was expecting and was not enough to cover my rent bills AND food. This made me worse and sent me into another depression until I eventually admitted defeat gave up working and left the company. It took me months to recover and I'm now left (over 6 months after this all started) recovering from the fallout I created leaving employment with hardly any money to my name.I had previously been told by my employer that I was too young to burn out and (stupidly) trusted them. I did not feel comfortable discussing my problems with my employer because each time I was met with an attitude that I had to get myself together and ultimately given the amount of employees before me who had left the company by being fired after an altercation with the employer left me with no option but to hide it from them so I too wouldn't be fired.,18-25,i burnt out this year i worked too much had too much pressure on myself from being the sole developer on a delayed project that seemed to grow in size with each week it was delayed by and worried about money a lot i became depressed and anxious and had trouble eating sleeping and generally being myself as my depression worsened i was regularly late for work couldn t perform as well as i should and became irritable with my colleagues my employers response after a while was to send me private messages complaining about my lateness which only worsened the situation i was prescribed weeks off work by my doctor which my employer agreed to only to come back after to find i had been on statutory pay which was roughly half of what i was expecting and was not enough to cover my rent bills and food this made me worse and sent me into another depression until i eventually admitted defeat gave up working and left the company it took me months to recover and i m now left over months after this all started recovering from the fallout i created leaving employment with hardly any money to my name i had previously been told by my employer that i was too young to burn out and stupidly trusted them i did not feel comfortable discussing my problems with my employer because each time i was met with an attitude that i had to get myself together and ultimately given the amount of employees before me who had left the company by being fired after an altercation with the employer left me with no option but to hide it from them so i too wouldn t be fired,-0.06770833333333333,Negative
2014-11-06 11:24:38,56,Male,United States,OR,Yes,No,No,Rarely,1-5,Yes,Yes,Don't know,Not sure,Don't know,Don't know,Don't know,Don't know,Maybe,Maybe,No,No,No,No,Don't know,No,I'm self-employed on contract with small start-up. Covered through spouse's insurance.,46-70,i m self employed on contract with small start up covered through spouse s insurance,-0.25,Negative
2015-01-03 03:38:30,44,Male,United States,OH,No,Yes,Yes,Sometimes,100-500,No,Yes,Yes,Yes,No,Yes,Yes,Don't know,Maybe,No,Some of them,Some of them,No,No,Don't know,No,My mental health issues were the direct result of the trauma from childhood abuse. Most (all?) of the Prompt-sponsored/related presentations I've seen have been about congenital mental health issues that are treatable with continued medication. For me medication only provided temporary assistance. I needed years of (continuing) therapy to deal with PTSD and related disorders (depression anxiety suicidal tendencies others). I haven't seen many in our community discussing trauma-related mental health issues but they are just as real and just as debilitating.,36-45,my mental health issues were the direct result of the trauma from childhood abuse most all of the prompt sponsored related presentations i ve seen have been about congenital mental health issues that are treatable with continued medication for me medication only provided temporary assistance i needed years of continuing therapy to deal with ptsd and related disorders depression anxiety suicidal tendencies others i haven t seen many in our community discussing trauma related mental health issues but they are just as real and just as debilitating,0.1111111111111111,Positive
2015-02-21 08:56:27,29,Male,Singapore,Unknown,No,Yes,Yes,Sometimes,26-100,No,Yes,Don't know,Not sure,No,No,Don't know,Somewhat difficult,Maybe,No,No,No,No,Maybe,No,No,it is my opinion that bad mental health is a red flag for employers and i would never bring it up.,26-35,it is my opinion that bad mental health is a red flag for employers and i would never bring it up,-0.2666666666666666,Negative
2015-02-21 09:48:13,38,Male,United States,TX,No,No,Yes,Sometimes,More than 1000,Yes,Yes,Yes,No,Yes,Yes,Yes,Very easy,No,No,Yes,Yes,No,No,Don't know,No,I openly discuss my mental health struggles. I have found that doing so encourages people who also struggle to seek treatment. I'm willing to risk losing the support of people who don't understand if it helps those who understand all too well.,36-45,i openly discuss my mental health struggles i have found that doing so encourages people who also struggle to seek treatment i m willing to risk losing the support of people who don t understand if it helps those who understand all too well,0.049999999999999996,Neutral
2015-02-21 10:45:51,46,Male,United States,MD,No,Yes,Yes,Sometimes,100-500,Yes,Yes,Don't know,Not sure,Don't know,Don't know,Don't know,Don't know,No,No,Some of them,Yes,Yes,Yes,Don't know,No,Just starting a new job hence the numerous I don't know selections.,46-70,just starting a new job hence the numerous i don t know selections,0.04545454545454545,Neutral
2015-02-21 11:48:52,41,Male,Netherlands,Unknown,Yes,No,Yes,Rarely,1-5,Yes,Yes,Don't know,Yes,Don't know,Yes,No,Somewhat easy,No,No,Yes,Yes,Yes,Yes,Yes,No,The data will be skewed for self-employed people as the questions contain some bias.Having said that: being self-employed I *choose* to work for companies which want to employ *me* not just my skills but including my opinions my life-experience etc. If a potential contract/job doesn't *feel* right I prefer to not take it (and be poor) than to compromise myself.,36-45,the data will be skewed for self employed people as the questions contain some bias having said that being self employed i choose to work for companies which want to employ me not just my skills but including my opinions my life experience etc if a potential contract job doesn t feel right i prefer to not take it and be poor than to compromise myself,-0.038095238095238106,Neutral
2015-02-21 11:55:46,23,Male,United Kingdom,Unknown,No,No,No,Never,26-100,No,Yes,Don't know,No,No,No,Don't know,Somewhat easy,Maybe,No,Some of them,Some of them,No,Maybe,Yes,Yes,Although my employer does everything they can to accommodate employees with mental health problems when those individuals cannot carry out any work assigned to them (even over the course of months) they appear to have no alternative but to terminate their employment. However I believe this would be the same for a physical health problem. ,18-25,although my employer does everything they can to accommodate employees with mental health problems when those individuals cannot carry out any work assigned to them even over the course of months they appear to have no alternative but to terminate their employment however i believe this would be the same for a physical health problem,-0.03333333333333333,Neutral
2015-02-24 09:00:56,25,Male,United Kingdom,Unknown,No,Yes,Yes,Sometimes,More than 1000,No,No,Yes,Yes,Yes,Yes,Yes,Very easy,No,No,Yes,Yes,Yes,Yes,Yes,No,I work at a large university with a track record of health and wellbeing support,18-25,i work at a large university with a track record of health and wellbeing support,0.21428571428571427,Positive
2015-02-24 09:15:13,24,Male,United Kingdom,Unknown,No,No,Yes,Sometimes,6-25,No,No,Don't know,No,No,Don't know,Don't know,Don't know,Yes,Maybe,No,No,No,Maybe,Don't know,No,i'm in a country with social health care so my options are not dependant on my employer. this makes a few of the early questions less relevant than they would be for a resident of the US.,18-25,i m in a country with social health care so my options are not dependant on my employer this makes a few of the early questions less relevant than they would be for a resident of the us,0.03333333333333334,Neutral
2015-05-06 10:14:50,22,Male,Australia,Unknown,No,Yes,Yes,Often,100-500,No,No,Yes,Yes,Yes,Yes,Yes,Don't know,Maybe,Maybe,No,Yes,No,Maybe,Don't know,Yes,In australia all organisations of a certain size have to provide free access to a 'employee assistance program' to discuss work and personal issues.EAPs are an external provider totally confidential and anonymous (ring up andsay the name of who you work for - so they know to bill your work)  and they offer phone and face to face consults.,18-25,in australia all organisations of a certain size have to provide free access to a employee assistance program to discuss work and personal issues eaps are an external provider totally confidential and anonymous ring up andsay the name of who you work for so they know to bill your work and they offer phone and face to face consults,0.12285714285714286,Positive
2015-07-22 18:57:54,30,Male,United States,CA,No,Yes,Yes,Sometimes,26-100,No,Yes,Yes,Yes,Don't know,No,Yes,Very easy,No,No,Yes,Yes,Maybe,Maybe,Yes,No,Bipolar disorder ,26-35,bipolar disorder,0.0,Neutral
